id,season,match_no,date,player_name,comment,R,B,M,fours,sixs,SR
0,2011/12,Final,Feb 29 2012,Ahmed Shehzad,,28,20,21,3,1,140.00
0,2011/12,Final,Feb 29 2012,Brad Hodge,not out ,70,51,86,4,4,137.25
0,2011/12,Final,Feb 29 2012,Phil Mustard,,5,5,5,1,0,100.00
0,2011/12,Final,Feb 29 2012,Mohammad Mithun,,1,5,5,0,0,20.00
25,2011/12,8th,Feb 13 2012,Nasir Jamshed,c Imran Nazir b Elias Sunny,27,32,51,2,0,84.37
0,2011/12,Final,Feb 29 2012,Mominul Haque,,11,13,15,0,0,84.61
25,2011/12,8th,Feb 13 2012,Jahurul Islam,run out (Stevens/Mosharraf Hossain),24,18,29,4,0,133.33
32,2011/12,1st,Feb 10 2012,Kamran Akmal,c †Mohammad Mithun b Harwood,8,9,7,2,0,88.88
29,2011/12,4th,Feb 11 2012,Ahmed Shehzad,c Syed Rasel b Abdul Razzaq,67,40,62,4,6,167.50
26,2011/12,7th,Feb 13 2012,Ahmed Shehzad, b Shafiul Islam,0,3,1,0,0,0.00
0,2011/12,Final,Feb 29 2012,Farhad Hossain,,11,14,14,0,1,78.57
30,2011/12,3rd,Feb 11 2012,Shivnarine Chanderpaul, b Azhar Mahmood,19,15,24,2,1,126.66
25,2011/12,8th,Feb 13 2012,Jason Roy,c Mohammad Ashraful b Elias Sunny,18,14,18,1,1,128.57
32,2011/12,1st,Feb 10 2012,Imrul Kayes,c Mominul Haque b Sohrawordi Shuvo,21,18,28,0,2,116.66
31,2011/12,2nd,Feb 10 2012,Tamim Iqbal,c Samuels b Mohammad Sami,3,7,10,0,0,42.85
29,2011/12,4th,Feb 11 2012,Chris Gayle,c †Mushfiqur Rahim b Samuels,39,23,37,4,2,169.56
28,2011/12,5th,Feb 12 2012,Shivnarine Chanderpaul,c Arafat Sunny b Mahmudullah,59,50,59,5,3,118.00
27,2011/12,6th,Feb 12 2012,Imrul Kayes,run out (Pollard),23,13,22,1,2,176.92
24,2011/12,9th,Feb 14 2012,Mizanur Rahman,c †Kamran Akmal b Sohail Tanvir,5,13,22,0,0,38.46
26,2011/12,7th,Feb 13 2012,Chris Gayle,c Russell b Shafiul Islam,2,10,17,0,0,20.00
0,2011/12,Final,Feb 29 2012,Yasir Arafat,,5,6,6,1,0,83.33
30,2011/12,3rd,Feb 11 2012,Herschelle Gibbs,c & b Azhar Mahmood,14,12,14,1,1,116.66
25,2011/12,8th,Feb 13 2012,Mahmudullah,c Naved-ul-Hasan b Elias Sunny,10,15,24,0,0,66.66
32,2011/12,1st,Feb 10 2012,Peter Trego, b Yasir Arafat,62,54,66,7,1,114.81
31,2011/12,2nd,Feb 10 2012,Jahurul Islam,c †Mushfiqur Rahim b Ervine,11,13,21,0,1,84.61
29,2011/12,4th,Feb 11 2012,Shahriar Nafees,not out ,28,32,52,3,0,87.50
28,2011/12,5th,Feb 12 2012,Herschelle Gibbs,c Enamul Haque jnr b Mahmudullah,34,29,45,5,0,117.24
27,2011/12,6th,Feb 12 2012,Kamran Akmal,lbw b Azhar Mahmood,0,1,6,0,0,0.00
20,2011/12,13th,Feb 16 2012,Ahmed Shehzad,c Mahmudullah b Arafat Sunny,7,8,-,1,0,87.50
24,2011/12,9th,Feb 14 2012,Junaid Siddique,c Faisal Iqbal b Sohail Tanvir,11,7,7,2,0,157.14
21,2011/12,12th,Feb 15 2012,Shivnarine Chanderpaul,c Muktar Ali b Abdul Razzaq,4,8,-,0,0,50.00
19,2011/12,14th,Feb 16 2012,Shahzaib Hasan,lbw b Elias Sunny,23,19,-,2,1,121.05
17,2011/12,16th,Feb 18 2012,Shahzaib Hasan,c †Jahurul Islam b Cooper,20,18,-,4,0,111.11
26,2011/12,7th,Feb 13 2012,Brad Hodge, b Shakib Al Hasan,12,16,20,2,0,75.00
18,2011/12,15th,Feb 18 2012,Shivnarine Chanderpaul,c †Kamran Akmal b Sohail Tanvir,8,9,-,2,0,88.88
23,2011/12,10th,Feb 14 2012,Imran Nazir,c Yasir Arafat b Alauddin Babu,58,35,51,3,5,165.71
22,2011/12,11th,Feb 15 2012,Kamran Akmal, b Cooper,54,41,-,9,1,131.70
0,2011/12,Final,Feb 29 2012,Kabir Ali,,6,7,12,0,0,85.71
30,2011/12,3rd,Feb 11 2012,Dwayne Smith,c Stevens b Mosharraf Hossain,37,31,42,3,1,119.35
25,2011/12,8th,Feb 13 2012,Faisal Hossain,run out (Aftab Ahmed/Naved-ul-Hasan),2,2,4,0,0,100.00
32,2011/12,1st,Feb 10 2012,Alok Kapali, b Yasir Arafat,56,36,46,6,2,155.55
31,2011/12,2nd,Feb 10 2012,Nasir Jamshed,c Sabbir Rahman b Qaiser Abbas,56,38,46,5,3,147.36
29,2011/12,4th,Feb 11 2012,Brad Hodge,not out ,38,25,27,4,2,152.00
16,2011/12,17th,Feb 19 2012,Imran Nazir,c Jayasuriya b Shafiul Islam,2,2,2,0,0,100.00
28,2011/12,5th,Feb 12 2012,Dwayne Smith,not out ,39,26,39,3,2,150.00
27,2011/12,6th,Feb 12 2012,Peter Trego,c Azhar Mahmood b Mashrafe Mortaza,9,11,13,1,0,81.81
20,2011/12,13th,Feb 16 2012,Chris Gayle,retired hurt ,30,16,-,2,3,187.50
24,2011/12,9th,Feb 14 2012,Marlon Samuels,c Imrul Kayes b Alok Kapali,72,48,66,3,5,150.00
21,2011/12,12th,Feb 15 2012,Herschelle Gibbs,run out (Saqlain Sajib),18,17,-,2,0,105.88
19,2011/12,14th,Feb 16 2012,Junaid Siddique,c Pollard b Elias Sunny,25,17,-,4,0,147.05
17,2011/12,16th,Feb 18 2012,Junaid Siddique,c Shamsur Rahman b Bravo,3,7,-,0,0,42.85
26,2011/12,7th,Feb 13 2012,Phil Mustard,lbw b Shakib Al Hasan,25,19,28,4,0,131.57
18,2011/12,15th,Feb 18 2012,Herschelle Gibbs,c Alok Kapali b Sohail Tanvir,0,2,-,0,0,0.00
23,2011/12,10th,Feb 14 2012,Anamul Haque,c Yasir Arafat b Ali,8,11,15,2,0,72.72
22,2011/12,11th,Feb 15 2012,Imrul Kayes,c Cooper b Farhad Reza,0,4,-,0,0,0.00
0,2011/12,Final,Feb 29 2012,Alauddin Babu,not out ,0,0,1,0,0,-
30,2011/12,3rd,Feb 11 2012,Shakib Al Hasan, b Naved-ul-Hasan,42,31,48,5,0,135.48
25,2011/12,8th,Feb 13 2012,Dwayne Bravo,c Stevens b Naved-ul-Hasan,43,31,31,3,2,138.70
32,2011/12,1st,Feb 10 2012,Scott Styris,not out ,7,2,3,0,1,350.00
31,2011/12,2nd,Feb 10 2012,Jason Roy, b Samuels,43,25,31,3,3,172.00
29,2011/12,4th,Feb 11 2012,Mizanur Rahman, b Harwood,65,52,59,7,2,125.00
16,2011/12,17th,Feb 19 2012,Mohammad Ashraful,c Nazmul Hossain Milon b Smith,53,42,75,4,1,126.19
28,2011/12,5th,Feb 12 2012,Andre Russell,c †Jahurul Islam b Bravo,24,16,23,3,1,150.00
27,2011/12,6th,Feb 12 2012,Alok Kapali,c Azhar Mahmood b Mashrafe Mortaza,10,12,11,0,1,83.33
20,2011/12,13th,Feb 16 2012,Mohammad Mithun,c †Jahurul Islam b Enamul Haque jnr,8,10,-,1,0,80.00
24,2011/12,9th,Feb 14 2012,Mushfiqur Rahim,c Sohail Tanvir b Naeem Islam,33,23,31,3,1,143.47
21,2011/12,12th,Feb 15 2012,Sanath Jayasuriya,c & b Samuels,12,10,-,0,1,120.00
19,2011/12,14th,Feb 16 2012,Marlon Samuels,c Pollard b Nazmul Hossain,36,38,-,3,1,94.73
17,2011/12,16th,Feb 18 2012,Khalid Latif,c Mahmudullah b Arafat Sunny,14,15,-,2,0,93.33
26,2011/12,7th,Feb 13 2012,Shahriar Nafees,c Abdur Razzak b Jayasuriya,6,15,14,0,0,40.00
18,2011/12,15th,Feb 18 2012,Dwayne Smith,c Naeem Islam b Nabil Samad,55,31,-,3,4,177.41
23,2011/12,10th,Feb 14 2012,Mohammad Ashraful,lbw b Ali,4,3,2,1,0,133.33
22,2011/12,11th,Feb 15 2012,Peter Trego, b Farhad Reza,51,48,-,3,0,106.25
0,2011/12,Final,Feb 29 2012,Imran Nazir,,75,43,67,6,6,174.41
30,2011/12,3rd,Feb 11 2012,Nazmul Hossain Milon,c Naved-ul-Hasan b Elias Sunny,1,5,7,0,0,20.00
25,2011/12,8th,Feb 13 2012,Ziaur Rahman,not out ,14,8,17,1,1,175.00
32,2011/12,1st,Feb 10 2012,Sohail Tanvir,not out ,1,1,2,0,0,100.00
31,2011/12,2nd,Feb 10 2012,Mahmudullah,not out ,43,18,23,3,3,238.88
29,2011/12,4th,Feb 11 2012,Junaid Siddique,c Shahriar Nafees b Yasir Arafat,5,4,12,1,0,125.00
16,2011/12,17th,Feb 19 2012,Azhar Mahmood,run out (†O'Brien),33,24,28,4,1,137.50
28,2011/12,5th,Feb 12 2012,Shakib Al Hasan,not out ,4,1,1,1,0,400.00
15,2011/12,18th,Feb 19 2012,Kamran Akmal, b Al-Amin Hossain,17,17,17,3,0,100.00
27,2011/12,6th,Feb 12 2012,Shuvagata Hom,c Imran Nazir b Pollard,14,14,17,0,1,100.00
14,2011/12,19th,Feb 20 2012,Ahmed Shehzad,c Shahzaib Hasan b Sabbir Rahman,44,33,-,2,3,133.33
20,2011/12,13th,Feb 16 2012,Brad Hodge,c Ziaur Rahman b Bravo,38,40,-,1,2,95.00
24,2011/12,9th,Feb 14 2012,Abdul Razzaq,c †Kamran Akmal b Trego,30,21,33,1,2,142.85
21,2011/12,12th,Feb 15 2012,Dwayne Smith, b Saqlain Sajib,17,15,-,2,0,113.33
19,2011/12,14th,Feb 16 2012,Khalid Latif,c & b Mosharraf Hossain,1,7,-,0,0,14.28
17,2011/12,16th,Feb 18 2012,Marlon Samuels, b Arafat Sunny,6,12,-,0,0,50.00
26,2011/12,7th,Feb 13 2012,Mohammad Mithun,run out (Shafiul Islam/†Saghir Hossain),1,1,1,0,0,100.00
18,2011/12,15th,Feb 18 2012,Sanath Jayasuriya, b Trego,9,11,-,0,1,81.81
23,2011/12,10th,Feb 14 2012,Azhar Mahmood,not out ,77,47,75,8,3,163.82
22,2011/12,11th,Feb 15 2012,Alok Kapali,not out ,34,23,-,2,1,147.82
0,2011/12,Final,Feb 29 2012,Nazimuddin,,13,12,14,2,0,108.33
30,2011/12,3rd,Feb 11 2012,Andre Russell,not out ,37,15,19,2,3,246.66
25,2011/12,8th,Feb 13 2012,Kevon Cooper,not out ,0,0,2,0,0,-
32,2011/12,1st,Feb 10 2012,Ahmed Shehzad,not out ,56,35,56,9,1,160.00
31,2011/12,2nd,Feb 10 2012,Dwayne Bravo,not out ,38,19,18,3,2,200.00
29,2011/12,4th,Feb 11 2012,Marlon Samuels, b Nazmul Islam,8,9,13,1,0,88.88
16,2011/12,17th,Feb 19 2012,Darren Stevens,c Marshall Ayub b Jayasuriya,8,12,15,0,0,66.66
28,2011/12,5th,Feb 12 2012,Nasir Jamshed,not out ,86,47,86,10,3,182.97
15,2011/12,18th,Feb 19 2012,Imrul Kayes,c Al-Amin Hossain b Yasir Arafat,13,12,25,1,1,108.33
27,2011/12,6th,Feb 12 2012,Naeem Islam,c Pollard b Elias Sunny,30,24,31,2,2,125.00
14,2011/12,19th,Feb 20 2012,Brad Hodge,c †Mushfiqur Rahim b Mohammad Sami,0,2,-,0,0,0.00
20,2011/12,13th,Feb 16 2012,Mominul Haque,c Bravo b Enamul Haque jnr,10,15,-,0,1,66.66
24,2011/12,9th,Feb 14 2012,Sabbir Rahman,c & b Alok Kapali,0,1,1,0,0,0.00
21,2011/12,12th,Feb 15 2012,Shakib Al Hasan,c Sabbir Rahman b Fawad Alam,44,26,-,5,1,169.23
19,2011/12,14th,Feb 16 2012,Mushfiqur Rahim,c Mosharraf Hossain b Pollard,10,8,-,1,0,125.00
17,2011/12,16th,Feb 18 2012,Mushfiqur Rahim,not out ,24,25,-,0,0,96.00
26,2011/12,7th,Feb 13 2012,Yasir Arafat, b Jayasuriya,10,10,13,1,0,100.00
18,2011/12,15th,Feb 18 2012,Shakib Al Hasan,c Shuvagata Hom b Nabil Samad,14,19,-,1,0,73.68
23,2011/12,10th,Feb 14 2012,Kieron Pollard,c †Mohammad Mithun b Yasir Arafat,36,15,24,0,5,240.00
22,2011/12,11th,Feb 15 2012,Scott Styris,c Cooper b Bravo,5,4,-,0,0,125.00
0,2011/12,Final,Feb 29 2012,Anamul Haque,not out ,49,38,56,5,1,128.94
30,2011/12,3rd,Feb 11 2012,Nasir Hossain,not out ,22,12,16,2,1,183.33
25,2011/12,8th,Feb 13 2012,Imran Nazir, b Arafat Sunny,22,12,11,3,1,183.33
32,2011/12,1st,Feb 10 2012,Chris Gayle,not out ,101,44,56,7,10,229.54
31,2011/12,2nd,Feb 10 2012,Sean Ervine,c Roy b Bravo,0,1,1,0,0,0.00
29,2011/12,4th,Feb 11 2012,Mushfiqur Rahim,run out (Nazmul Islam),0,2,2,0,0,0.00
16,2011/12,17th,Feb 19 2012,Kieron Pollard,c †O'Brien b Abdur Razzak,10,12,10,0,1,83.33
28,2011/12,5th,Feb 12 2012,Jahurul Islam,c Shafiul Islam b Russell,10,6,7,0,1,166.66
15,2011/12,18th,Feb 19 2012,Tom Maynard,c Mominul Haque b Sohrawordi Shuvo,11,8,11,2,0,137.50
27,2011/12,6th,Feb 12 2012,Nadif Chowdhury,run out (Mohammad Ashraful),4,6,7,0,0,66.66
14,2011/12,19th,Feb 20 2012,Phil Mustard,not out ,88,58,-,10,3,151.72
20,2011/12,13th,Feb 16 2012,Alauddin Babu, b Cooper,0,3,-,0,0,0.00
24,2011/12,9th,Feb 14 2012,Qaiser Abbas,c Shuvagata Hom b Alok Kapali,6,4,6,1,0,150.00
21,2011/12,12th,Feb 15 2012,Nasir Hossain, b Abdul Razzaq,24,28,-,2,0,85.71
19,2011/12,14th,Feb 16 2012,Abdul Razzaq,run out (Mohammad Ashraful),7,9,-,0,0,77.77
17,2011/12,16th,Feb 18 2012,Abdul Razzaq, b Arafat Sunny,19,23,-,2,0,82.60
26,2011/12,7th,Feb 13 2012,Mominul Haque,c Chanderpaul b Shahadat Hossain,42,24,34,4,2,175.00
18,2011/12,15th,Feb 18 2012,Nasir Hossain,c Alok Kapali b Trego,23,20,-,3,0,115.00
23,2011/12,10th,Feb 14 2012,Darren Stevens, b Yasir Arafat,13,7,9,1,1,185.71
22,2011/12,11th,Feb 15 2012,Shuvagata Hom,not out ,2,1,-,0,0,200.00
0,2011/12,Final,Feb 29 2012,Azhar Mahmood,not out ,0,1,3,0,0,0.00
30,2011/12,3rd,Feb 11 2012,Imran Nazir,st †Saghir Hossain b Shakib Al Hasan,14,8,8,3,0,175.00
25,2011/12,8th,Feb 13 2012,Azhar Mahmood, b Arafat Sunny,1,9,15,0,0,11.11
31,2011/12,2nd,Feb 10 2012,Junaid Siddique,c Mahmudullah b Enamul Haque jnr,42,23,48,5,2,182.60
29,2011/12,4th,Feb 11 2012,Abdul Razzaq,c Shahriar Nafees b Nazmul Islam,27,19,18,1,1,142.10
16,2011/12,17th,Feb 19 2012,Anamul Haque, b Jayasuriya,15,15,8,1,1,100.00
28,2011/12,5th,Feb 12 2012,Jason Roy,c †Saghir Hossain b Abdur Razzak,36,29,34,2,2,124.13
15,2011/12,18th,Feb 19 2012,Alok Kapali,c & b Sohrawordi Shuvo,1,2,7,0,0,50.00
27,2011/12,6th,Feb 12 2012,Brad Hogg,not out ,18,25,35,0,0,72.00
14,2011/12,19th,Feb 20 2012,Mohammad Mithun,c Samuels b Monir Hossain,21,12,-,0,2,175.00
20,2011/12,13th,Feb 16 2012,Shahriar Nafees,c Roy b Cooper,4,9,-,0,0,44.44
24,2011/12,9th,Feb 14 2012,Mohammad Sami,c Naeem Islam b Trego,0,1,6,0,0,0.00
21,2011/12,12th,Feb 15 2012,Andre Russell, b Mohammad Sami,4,4,-,1,0,100.00
19,2011/12,14th,Feb 16 2012,Sabbir Rahman,run out (†Anamul Haque),15,10,-,1,0,150.00
17,2011/12,16th,Feb 18 2012,Sabbir Rahman,c Bravo b Cooper,17,12,-,1,1,141.66
26,2011/12,7th,Feb 13 2012,Sohrawordi Shuvo,c Abdur Razzak b Russell,8,11,14,0,0,72.72
18,2011/12,15th,Feb 18 2012,Nazmul Hossain Milon,not out ,22,14,-,0,2,157.14
23,2011/12,10th,Feb 14 2012,Aftab Ahmed,not out ,5,3,7,1,0,166.66
22,2011/12,11th,Feb 15 2012,Nasir Jamshed,c Abul Hasan b Trego,11,11,-,1,0,100.00
30,2011/12,3rd,Feb 11 2012,Nazimuddin,c Smith b Nasir Hossain,21,25,40,4,0,84.00
25,2011/12,8th,Feb 13 2012,Anamul Haque,c Ziaur Rahman b Enamul Haque jnr,3,8,16,0,0,37.50
31,2011/12,2nd,Feb 10 2012,Marlon Samuels,c Mahmudullah b Bravo,6,3,2,0,1,200.00
29,2011/12,4th,Feb 11 2012,Fawad Alam,c Ahmed Shehzad b Harwood,8,6,8,1,0,133.33
16,2011/12,17th,Feb 19 2012,Naved-ul-Hasan, b Shakib Al Hasan,3,3,3,0,0,100.00
28,2011/12,5th,Feb 12 2012,Mahmudullah,c Smith b Abdur Razzak,4,3,3,1,0,133.33
15,2011/12,18th,Feb 19 2012,Raza Ali Dar,c Mohammad Mithun b Farhad Hossain,8,19,20,0,0,42.10
27,2011/12,6th,Feb 12 2012,Sohail Tanvir,c Mosharraf Hossain b Mohammad Ashraful,0,3,3,0,0,0.00
14,2011/12,19th,Feb 20 2012,Rameez Raja,not out ,26,15,-,4,0,173.33
20,2011/12,13th,Feb 16 2012,Yasir Arafat,not out ,13,13,-,1,0,100.00
24,2011/12,9th,Feb 14 2012,Fawad Alam,not out ,2,2,5,0,0,100.00
21,2011/12,12th,Feb 15 2012,Nazmul Hossain Milon,not out ,11,8,-,1,0,137.50
19,2011/12,14th,Feb 16 2012,Muktar Ali,c Mohammad Ashraful b Nazmul Hossain,3,5,-,0,0,60.00
17,2011/12,16th,Feb 18 2012,Muktar Ali,not out ,16,9,-,1,1,177.77
26,2011/12,7th,Feb 13 2012,Nazmul Islam,run out (†Saghir Hossain/Shahadat Hossain),10,9,16,0,0,111.11
18,2011/12,15th,Feb 18 2012,Andre Russell,not out ,35,14,-,3,2,250.00
23,2011/12,10th,Feb 14 2012,Ahmed Shehzad,c Mohammad Ashraful b Mashrafe Mortaza,7,7,14,1,0,100.00
22,2011/12,11th,Feb 15 2012,Jahurul Islam,c Trego b Sohail Tanvir,0,2,-,0,0,0.00
30,2011/12,3rd,Feb 11 2012,Azhar Mahmood,c †Saghir Hossain b Russell,28,16,20,4,1,175.00
25,2011/12,8th,Feb 13 2012,Mohammad Ashraful,run out (Ziaur Rahman/†Jahurul Islam),28,14,18,2,2,200.00
31,2011/12,2nd,Feb 10 2012,Abdul Razzaq, b Enamul Haque jnr,21,23,24,2,0,91.30
29,2011/12,4th,Feb 11 2012,Sabbir Rahman,not out ,15,14,26,0,1,107.14
16,2011/12,17th,Feb 19 2012,Mashrafe Mortaza,c Smith b Russell,0,2,7,0,0,0.00
28,2011/12,5th,Feb 12 2012,Dwayne Bravo,c Shakib Al Hasan b Shafiul Islam,12,12,12,2,0,100.00
15,2011/12,18th,Feb 19 2012,Shuvagata Hom, b Farhad Hossain,4,5,8,0,0,80.00
27,2011/12,6th,Feb 12 2012,Gary Keedy,run out (Mashrafe Mortaza),2,6,6,0,0,33.33
14,2011/12,19th,Feb 20 2012,Shahzaib Hasan, b Ahmed Shehzad,46,22,-,6,2,209.09
20,2011/12,13th,Feb 16 2012,Kabir Ali,not out ,9,7,-,0,1,128.57
24,2011/12,9th,Feb 14 2012,Syed Rasel,not out ,6,2,3,1,0,300.00
21,2011/12,12th,Feb 15 2012,Abdur Razzak,not out ,3,4,-,0,0,75.00
19,2011/12,14th,Feb 16 2012,Mohammad Sami,not out ,8,6,-,0,0,133.33
17,2011/12,16th,Feb 18 2012,Nasir Jamshed, b Saqlain Sajib,20,25,-,2,0,80.00
26,2011/12,7th,Feb 13 2012,Al-Amin Hossain,not out ,2,2,4,0,0,100.00
18,2011/12,15th,Feb 18 2012,Kamran Akmal,c Smith b Russell,82,41,-,11,4,200.00
23,2011/12,10th,Feb 14 2012,Chris Gayle, b Azhar Mahmood,116,61,84,6,11,190.16
22,2011/12,11th,Feb 15 2012,Jason Roy,c Styris b Hogg,30,22,-,5,0,136.36
30,2011/12,3rd,Feb 11 2012,Mohammad Ashraful, b Russell,9,4,3,2,0,225.00
25,2011/12,8th,Feb 13 2012,Darren Stevens,not out ,43,38,49,2,2,113.15
31,2011/12,2nd,Feb 10 2012,Mushfiqur Rahim,c Ziaur Rahman b Enamul Haque jnr,22,19,21,1,0,115.78
29,2011/12,4th,Feb 11 2012,Sean Ervine,c Nazmul Islam b Yasir Arafat,9,6,5,1,0,150.00
16,2011/12,17th,Feb 19 2012,Mehrab Hossain jnr,not out ,8,6,6,0,1,133.33
28,2011/12,5th,Feb 12 2012,Faisal Hossain,not out ,17,19,26,0,0,89.47
15,2011/12,18th,Feb 19 2012,Sohail Tanvir,c Yasir Arafat b Sohrawordi Shuvo,33,32,31,5,0,103.12
27,2011/12,6th,Feb 12 2012,Nabil Samad,run out (Mosharraf Hossain),2,6,6,0,0,33.33
14,2011/12,19th,Feb 20 2012,Junaid Siddique,not out ,89,51,-,7,5,174.50
20,2011/12,13th,Feb 16 2012,Nasir Jamshed,not out ,81,47,-,10,2,172.34
24,2011/12,9th,Feb 14 2012,Kamran Akmal,c Sabbir Rahman b Fawad Alam,56,41,55,3,4,136.58
21,2011/12,12th,Feb 15 2012,Shahzaib Hasan,run out (Russell),52,46,-,6,0,113.04
19,2011/12,14th,Feb 16 2012,Monir Hossain,run out (Mosharraf Hossain),0,2,-,0,0,0.00
17,2011/12,16th,Feb 18 2012,Jahurul Islam,run out (Muktar Ali),13,15,-,0,1,86.66
26,2011/12,7th,Feb 13 2012,Shivnarine Chanderpaul, b Sohrawordi Shuvo,27,26,37,1,2,103.84
18,2011/12,15th,Feb 18 2012,Imrul Kayes,c Smith b Abdur Razzak,9,10,-,1,0,90.00
23,2011/12,10th,Feb 14 2012,Mominul Haque,c Mohammad Ashraful b Mashrafe Mortaza,5,8,11,1,0,62.50
22,2011/12,11th,Feb 15 2012,Ziaur Rahman,not out ,48,32,-,2,4,150.00
30,2011/12,3rd,Feb 11 2012,Darren Stevens,run out (Nasir Hossain/Adams),38,32,40,5,0,118.75
25,2011/12,8th,Feb 13 2012,Kieron Pollard,not out ,50,34,43,3,3,147.05
31,2011/12,2nd,Feb 10 2012,Qaiser Abbas, b Mahmudullah,3,4,3,0,0,75.00
29,2011/12,4th,Feb 11 2012,Mohammad Sami,c Nazmul Islam b Ahmed Shehzad,9,5,9,0,1,180.00
16,2011/12,17th,Feb 19 2012,Elias Sunny,not out ,1,2,2,0,0,50.00
15,2011/12,18th,Feb 19 2012,Naeem Islam,not out ,22,18,33,2,0,122.22
27,2011/12,6th,Feb 12 2012,Imran Nazir,lbw b Hogg,26,20,33,5,0,130.00
14,2011/12,19th,Feb 20 2012,Marlon Samuels,not out ,54,30,-,4,3,180.00
20,2011/12,13th,Feb 16 2012,Jahurul Islam,c Mominul Haque b Hodge,41,21,-,5,1,195.23
24,2011/12,9th,Feb 14 2012,Imrul Kayes,st †Mushfiqur Rahim b Samuels,22,13,15,1,2,169.23
21,2011/12,12th,Feb 15 2012,Junaid Siddique,c †Saghir Hossain b Shakib Al Hasan,26,14,-,4,1,185.71
19,2011/12,14th,Feb 16 2012,Saqlain Sajib,not out ,0,0,-,0,0,-
17,2011/12,16th,Feb 18 2012,Jason Roy, b Saqlain Sajib,5,4,-,1,0,125.00
26,2011/12,7th,Feb 13 2012,Herschelle Gibbs, b Nazmul Islam,11,14,18,2,0,78.57
18,2011/12,15th,Feb 18 2012,Alok Kapali,run out (Jayasuriya),3,9,-,0,0,33.33
23,2011/12,10th,Feb 14 2012,Brad Hodge,c & b Stevens,0,3,8,0,0,0.00
22,2011/12,11th,Feb 15 2012,Mahmudullah,not out ,56,38,-,4,2,147.36
30,2011/12,3rd,Feb 11 2012,Kieron Pollard,not out ,39,32,42,5,0,121.87
31,2011/12,2nd,Feb 10 2012,Sabbir Rahman,not out ,41,28,37,1,3,146.42
29,2011/12,4th,Feb 11 2012,Syed Rasel, b Gayle,1,3,6,0,0,33.33
16,2011/12,17th,Feb 19 2012,Shivnarine Chanderpaul,not out ,87,49,75,11,1,177.55
15,2011/12,18th,Feb 19 2012,Brad Hogg,not out ,7,7,9,0,0,100.00
27,2011/12,6th,Feb 12 2012,Azhar Mahmood, b Nabil Samad,9,10,14,2,0,90.00
20,2011/12,13th,Feb 16 2012,Kevon Cooper, b Nazmul Islam,1,4,-,0,0,25.00
24,2011/12,9th,Feb 14 2012,Peter Trego,c Junaid Siddique b Saqlain Sajib,37,34,33,1,2,108.82
21,2011/12,12th,Feb 15 2012,Marlon Samuels, b Shakib Al Hasan,4,4,-,1,0,100.00
19,2011/12,14th,Feb 16 2012,Imran Nazir,not out ,54,45,-,4,1,120.00
17,2011/12,16th,Feb 18 2012,Ziaur Rahman,c Junaid Siddique b Saqlain Sajib,0,1,-,0,0,0.00
26,2011/12,7th,Feb 13 2012,Dwayne Smith,not out ,58,41,48,3,4,141.46
18,2011/12,15th,Feb 18 2012,Scott Styris,not out ,48,37,-,1,4,129.72
23,2011/12,10th,Feb 14 2012,Mohammad Mithun,c Mohammad Ashraful b Azhar Mahmood,38,32,59,1,1,118.75
30,2011/12,3rd,Feb 11 2012,Naved-ul-Hasan, b Russell,1,2,2,0,0,50.00
31,2011/12,2nd,Feb 10 2012,Asif Ahmed,c Roy b Bravo,5,10,10,0,0,50.00
29,2011/12,4th,Feb 11 2012,Saqlain Sajib,not out ,1,1,1,0,0,100.00
16,2011/12,17th,Feb 19 2012,Sanath Jayasuriya,lbw b Azhar Mahmood,10,6,7,2,0,166.66
15,2011/12,18th,Feb 19 2012,Ahmed Shehzad,st †Kamran Akmal b Hogg,60,40,48,3,5,150.00
27,2011/12,6th,Feb 12 2012,Anamul Haque,c Imrul Kayes b Sohail Tanvir,48,39,46,3,4,123.07
20,2011/12,13th,Feb 16 2012,Arafat Sunny,not out ,3,4,-,0,0,75.00
24,2011/12,9th,Feb 14 2012,Alok Kapali,c Fawad Alam b Mohammad Sami,14,9,18,1,1,155.55
21,2011/12,12th,Feb 15 2012,Fawad Alam, b Nasir Hossain,4,10,-,0,0,40.00
19,2011/12,14th,Feb 16 2012,Anamul Haque,st †Mushfiqur Rahim b Saqlain Sajib,20,22,-,3,0,90.90
17,2011/12,16th,Feb 18 2012,Mahmudullah,c Muktar Ali b Sabbir Rahman,18,23,-,2,0,78.26
26,2011/12,7th,Feb 13 2012,Sanath Jayasuriya,c Al-Amin Hossain b Sohrawordi Shuvo,23,18,20,0,2,127.77
18,2011/12,15th,Feb 18 2012,Peter Trego,run out (Chanderpaul),2,3,-,0,0,66.66
23,2011/12,10th,Feb 14 2012,Kabir Ali,not out ,15,9,10,2,0,166.66
30,2011/12,3rd,Feb 11 2012,Mashrafe Mortaza,c Gibbs b Russell,0,1,1,0,0,0.00
31,2011/12,2nd,Feb 10 2012,Mohammad Sami,c Ziaur Rahman b Muralitharan,2,3,5,0,0,66.66
16,2011/12,17th,Feb 19 2012,Dwayne Smith, b Mashrafe Mortaza,1,2,4,0,0,50.00
15,2011/12,18th,Feb 19 2012,Brad Hodge,not out ,54,34,53,2,5,158.82
27,2011/12,6th,Feb 12 2012,Mohammad Ashraful,not out ,23,28,41,0,1,82.14
24,2011/12,9th,Feb 14 2012,Sohail Tanvir,not out ,12,16,24,0,0,75.00
21,2011/12,12th,Feb 15 2012,Mushfiqur Rahim,not out ,47,34,-,4,1,138.23
19,2011/12,14th,Feb 16 2012,Mohammad Ashraful, b Monir Hossain,11,14,-,0,0,78.57
17,2011/12,16th,Feb 18 2012,Shamsur Rahman,c & b Mohammad Sami,24,22,-,3,0,109.09
26,2011/12,7th,Feb 13 2012,Shakib Al Hasan,not out ,5,5,7,0,0,100.00
18,2011/12,15th,Feb 18 2012,Shuvagata Hom,c †Saghir Hossain b Abdur Razzak,8,6,-,0,1,133.33
30,2011/12,3rd,Feb 11 2012,Anamul Haque,not out ,0,0,3,0,0,-
31,2011/12,2nd,Feb 10 2012,Syed Rasel,c Roy b Muralitharan,0,2,1,0,0,0.00
16,2011/12,17th,Feb 19 2012,Shakib Al Hasan,c Mehrab Hossain jnr b Mosharraf Hossain,39,34,47,2,2,114.70
15,2011/12,18th,Feb 19 2012,Phil Mustard,not out ,4,6,4,1,0,66.66
27,2011/12,6th,Feb 12 2012,Darren Stevens,not out ,9,13,13,1,0,69.23
24,2011/12,9th,Feb 14 2012,Naeem Islam,not out ,9,7,11,1,0,128.57
21,2011/12,12th,Feb 15 2012,Abdul Razzaq,not out ,10,8,-,1,0,125.00
19,2011/12,14th,Feb 16 2012,Alexei Kervezee, b Monir Hossain,10,14,-,0,0,71.42
17,2011/12,16th,Feb 18 2012,Dwayne Bravo,lbw b Mohammad Sami,1,3,-,0,0,33.33
18,2011/12,15th,Feb 18 2012,Sohail Tanvir,c Nasir Hossain b Russell,5,5,-,0,0,100.00
31,2011/12,2nd,Feb 10 2012,Saqlain Sajib,st †Jahurul Islam b Arafat Sunny,1,3,9,0,0,33.33
16,2011/12,17th,Feb 19 2012,Nazmul Hossain Milon,not out ,3,9,14,0,0,33.33
19,2011/12,14th,Feb 16 2012,Kieron Pollard,c Khalid Latif b Samuels,16,14,-,1,1,114.28
17,2011/12,16th,Feb 18 2012,Farhad Reza,not out ,15,12,-,2,0,125.00
18,2011/12,15th,Feb 18 2012,Naeem Islam,st †Saghir Hossain b Shakib Al Hasan,9,6,-,0,1,150.00
19,2011/12,14th,Feb 16 2012,Darren Stevens, b Mohammad Sami,11,9,-,2,0,122.22
17,2011/12,16th,Feb 18 2012,Kevon Cooper,run out (Shahzaib Hasan),0,3,-,0,0,0.00
18,2011/12,15th,Feb 18 2012,Brad Hogg,st †Saghir Hossain b Shakib Al Hasan,0,1,-,0,0,0.00
19,2011/12,14th,Feb 16 2012,Aftab Ahmed, b Mohammad Sami,0,1,-,0,0,0.00
17,2011/12,16th,Feb 18 2012,Sunzamul Islam,c Muktar Ali b Abdul Razzaq,3,9,-,0,0,33.33
18,2011/12,15th,Feb 18 2012,Talha Jubair,not out ,1,2,-,0,0,50.00
19,2011/12,14th,Feb 16 2012,Naved-ul-Hasan, b Mohammad Sami,0,1,-,0,0,0.00
17,2011/12,16th,Feb 18 2012,Arafat Sunny,not out ,1,3,-,0,0,33.33
19,2011/12,14th,Feb 16 2012,Elias Sunny,not out ,0,1,-,0,0,0.00
7,2011/12,26th,Feb 25 2012,Kamran Akmal,c Roy b Bravo,53,37,44,5,4,143.24
6,2011/12,27th,Feb 26 2012,Herschelle Gibbs,c Shahzaib Hasan b Abdul Razzaq,3,7,9,0,0,42.85
7,2011/12,26th,Feb 25 2012,Peter Trego,not out ,68,53,87,6,1,128.30
6,2011/12,27th,Feb 26 2012,Sanath Jayasuriya,lbw b Mohammad Sami,0,1,1,0,0,0.00
13,2011/12,20th,Feb 20 2012,Shivnarine Chanderpaul,c Ziaur Rahman b Arafat Sunny,9,13,-,1,0,69.23
12,2011/12,21st,Feb 22 2012,Kamran Akmal,c Pollard b Mashrafe Mortaza,9,6,-,2,0,150.00
11,2011/12,22nd,Feb 22 2012,Shivnarine Chanderpaul,retired hurt ,33,28,-,3,0,117.85
9,2011/12,24th,Feb 24 2012,Shahzaib Hasan,c Sohail Tanvir b Noor Hossain,54,46,69,7,0,117.39
8,2011/12,25th,Feb 25 2012,Brad Hodge,run out (Mashrafe Mortaza),23,16,22,4,0,143.75
7,2011/12,26th,Feb 25 2012,Tom Maynard,c Roy b Cooper,7,9,9,1,0,77.77
6,2011/12,27th,Feb 26 2012,Niall O'Brien,c Mohammad Sami b Ervine,35,39,65,2,0,89.74
13,2011/12,20th,Feb 20 2012,Herschelle Gibbs,c Arafat Sunny b Cooper,20,15,-,4,0,133.33
12,2011/12,21st,Feb 22 2012,Imrul Kayes,c Pollard b Azhar Mahmood,14,19,-,2,0,73.68
10,2011/12,23rd,Feb 24 2012,Nasir Jamshed,c Naved-ul-Hasan b Mashrafe Mortaza,0,2,1,0,0,0.00
11,2011/12,22nd,Feb 22 2012,Herschelle Gibbs,c Farhad Hossain b Ali,18,8,-,4,0,225.00
9,2011/12,24th,Feb 24 2012,Junaid Siddique, b Sohail Tanvir,0,1,3,0,0,0.00
8,2011/12,25th,Feb 25 2012,Ahmed Shehzad, b Elias Sunny,51,39,57,7,0,130.76
7,2011/12,26th,Feb 25 2012,Scott Styris,c Ziaur Rahman b Farhad Reza,29,20,25,2,1,145.00
6,2011/12,27th,Feb 26 2012,Dwayne Smith,c Mohammad Sami b Samuels,18,12,17,1,2,150.00
13,2011/12,20th,Feb 20 2012,Dwayne Smith, b Enamul Haque jnr,17,18,-,1,1,94.44
12,2011/12,21st,Feb 22 2012,Sohail Tanvir,c & b Azhar Mahmood,1,4,-,0,0,25.00
10,2011/12,23rd,Feb 24 2012,Jahurul Islam,c Kervezee b Pollard,40,35,50,3,0,114.28
11,2011/12,22nd,Feb 22 2012,Dwayne Smith,run out (Farhad Hossain),0,0,-,0,0,-
5,2011/12,28th,Feb 26 2012,Jason Roy,c & b Nazmul Islam,42,25,38,6,1,168.00
4,2011/12,29th,Feb 27 2012,Imran Nazir,c †Mushfiqur Rahim b Ervine,2,4,-,0,0,50.00
9,2011/12,24th,Feb 24 2012,Marlon Samuels,c Trego b Abul Hasan,6,10,16,1,0,60.00
3,2011/12,30th,Feb 27 2012,Shivnarine Chanderpaul,run out (Shuvagata Hom/Styris),4,2,-,1,0,200.00
2,2011/12,1st,Feb 28 2012,Shahzaib Hasan,c Farhad Hossain b Yasir Arafat,2,3,2,0,0,66.66
1,2011/12,2nd,Feb 28 2012,Imran Nazir,c Gibbs b Mohammad Hafeez,41,25,33,6,2,164.00
8,2011/12,25th,Feb 25 2012,Phil Mustard,c Imran Nazir b Mohammad Ashraful,33,23,39,2,2,143.47
7,2011/12,26th,Feb 25 2012,Alok Kapali,not out ,1,2,6,0,0,50.00
6,2011/12,27th,Feb 26 2012,Shakib Al Hasan, b Saqlain Sajib,11,6,7,2,0,183.33
13,2011/12,20th,Feb 20 2012,Shakib Al Hasan,c Arafat Sunny b Enamul Haque jnr,14,13,-,2,0,107.69
12,2011/12,21st,Feb 22 2012,Peter Trego,c †Anamul Haque b Naved-ul-Hasan,35,33,-,4,0,106.06
10,2011/12,23rd,Feb 24 2012,Jason Roy,c & b Elias Sunny,18,17,32,1,1,105.88
11,2011/12,22nd,Feb 22 2012,Shakib Al Hasan,st †Mustard b Hodge,0,3,-,0,0,0.00
5,2011/12,28th,Feb 26 2012,Ziaur Rahman,st †Mustard b Al-Amin Hossain,24,13,20,4,1,184.61
4,2011/12,29th,Feb 27 2012,Nazimuddin, b Saqlain Sajib,26,24,-,2,1,108.33
9,2011/12,24th,Feb 24 2012,Mushfiqur Rahim,lbw b Abul Hasan,0,5,4,0,0,0.00
3,2011/12,30th,Feb 27 2012,Herschelle Gibbs, b Styris,41,28,-,6,1,146.42
2,2011/12,1st,Feb 28 2012,Junaid Siddique, b Yasir Arafat,0,1,4,0,0,0.00
1,2011/12,2nd,Feb 28 2012,Awais Zia,c Nazmul Hossain Milon b Shakib Al Hasan,5,6,9,1,0,83.33
8,2011/12,25th,Feb 25 2012,Mohammad Mithun,not out ,24,24,36,0,1,100.00
7,2011/12,26th,Feb 25 2012,Nasir Jamshed,c Abul Hasan b Nabil Samad,27,29,47,2,0,93.10
6,2011/12,27th,Feb 26 2012,Nasir Hossain,c Sabbir Rahman b Ervine,5,7,11,1,0,71.42
13,2011/12,20th,Feb 20 2012,Niall O'Brien, b Enamul Haque jnr,0,1,-,0,0,0.00
12,2011/12,21st,Feb 22 2012,Scott Styris,st †Anamul Haque b Elias Sunny,4,10,-,0,0,40.00
10,2011/12,23rd,Feb 24 2012,Dwayne Bravo,not out ,48,43,55,2,2,111.62
11,2011/12,22nd,Feb 22 2012,Nasir Hossain,c Hodge b Al-Amin Hossain,31,19,-,4,1,163.15
5,2011/12,28th,Feb 26 2012,Brendan Taylor,c Hodge b Nazmul Islam,25,36,45,2,0,69.44
4,2011/12,29th,Feb 27 2012,Azhar Mahmood,lbw b Mohammad Sami,2,9,-,0,0,22.22
9,2011/12,24th,Feb 24 2012,Khalid Latif,run out (Shuvagata Hom),14,19,34,1,0,73.68
3,2011/12,30th,Feb 27 2012,Dwayne Smith,not out ,103,73,-,6,6,141.09
2,2011/12,1st,Feb 28 2012,Marlon Samuels,lbw b Yasir Arafat,0,1,3,0,0,0.00
1,2011/12,2nd,Feb 28 2012,Nazimuddin,run out (Smith/†Saghir Hossain),1,6,3,0,0,16.66
8,2011/12,25th,Feb 25 2012,Rameez Raja,c Imran Nazir b Naved-ul-Hasan,17,14,19,2,0,121.42
7,2011/12,26th,Feb 25 2012,Jahurul Islam,c Nabil Samad b Sohail Tanvir,3,5,10,0,0,60.00
6,2011/12,27th,Feb 26 2012,Nazmul Hossain Milon, b Taijul Islam,1,3,5,0,0,33.33
13,2011/12,20th,Feb 20 2012,Nasir Hossain,c †Jahurul Islam b Cooper,42,38,-,4,1,110.52
12,2011/12,21st,Feb 22 2012,Naeem Islam,c †Anamul Haque b Naved-ul-Hasan,28,27,-,3,1,103.70
10,2011/12,23rd,Feb 24 2012,Mahmudullah,c Mohammad Ashraful b Elias Sunny,4,8,11,0,0,50.00
11,2011/12,22nd,Feb 22 2012,Andre Russell, b Nazmul Islam,5,6,-,1,0,83.33
5,2011/12,28th,Feb 26 2012,Nasir Jamshed,c Sohrawordi Shuvo b Farhad Hossain,11,10,13,0,1,110.00
4,2011/12,29th,Feb 27 2012,Darren Stevens,c Junaid Siddique b Samuels,28,16,-,6,0,175.00
9,2011/12,24th,Feb 24 2012,Abdul Razzaq,c Noor Hossain b Sohail Tanvir,21,17,22,1,0,123.52
3,2011/12,30th,Feb 27 2012,Shakib Al Hasan,not out ,21,21,-,2,0,100.00
2,2011/12,1st,Feb 28 2012,Sean Ervine,run out (Ali),82,61,82,8,3,134.42
1,2011/12,2nd,Feb 28 2012,Azhar Mahmood,c Gibbs b Hammad Azam,65,39,52,6,3,166.66
8,2011/12,25th,Feb 25 2012,Kabir Ali,c Nazmul Hossain b Naved-ul-Hasan,3,4,7,0,0,75.00
7,2011/12,26th,Feb 25 2012,Jason Roy,run out (Naeem Islam),3,5,6,0,0,60.00
6,2011/12,27th,Feb 26 2012,Andre Adams, b Ervine,4,5,5,1,0,80.00
13,2011/12,20th,Feb 20 2012,Marshall Ayub,not out ,11,16,-,0,0,68.75
12,2011/12,21st,Feb 22 2012,Shuvagata Hom,c Mohammad Ashraful b Naved-ul-Hasan,9,8,-,1,0,112.50
10,2011/12,23rd,Feb 24 2012,Shamsur Rahman,c Naved-ul-Hasan b Elias Sunny,5,6,9,0,0,83.33
11,2011/12,22nd,Feb 22 2012,Niall O'Brien,c †Mustard b Sohrawordi Shuvo,19,19,-,1,0,100.00
5,2011/12,28th,Feb 26 2012,Dwayne Bravo,c Hodge b Yasir Arafat,26,20,28,0,2,130.00
4,2011/12,29th,Feb 27 2012,Kieron Pollard, b Mohammad Sami,11,5,-,1,1,220.00
9,2011/12,24th,Feb 24 2012,Sabbir Rahman, b Sohail Tanvir,6,8,14,0,0,75.00
3,2011/12,30th,Feb 27 2012,Kamran Akmal,st †O'Brien b Abdur Razzak,5,3,-,1,0,166.66
2,2011/12,1st,Feb 28 2012,Mushfiqur Rahim,run out (Yasir Arafat),58,33,53,6,3,175.75
1,2011/12,2nd,Feb 28 2012,Mohammad Ashraful,not out ,47,33,53,4,1,142.42
8,2011/12,25th,Feb 25 2012,Mominul Haque,run out (Naved-ul-Hasan),0,0,1,0,0,-
7,2011/12,26th,Feb 25 2012,Brendan Taylor,run out (Trego),10,8,9,2,0,125.00
6,2011/12,27th,Feb 26 2012,Saghir Hossain, b Mohammad Sami,6,15,12,1,0,40.00
13,2011/12,20th,Feb 20 2012,Andre Russell,not out ,16,7,-,2,0,228.57
12,2011/12,21st,Feb 22 2012,Noor Hossain,not out ,13,8,-,1,1,162.50
10,2011/12,23rd,Feb 24 2012,Ziaur Rahman,run out (Kervezee),1,2,2,0,0,50.00
11,2011/12,22nd,Feb 22 2012,Marshall Ayub,c Hodge b Ahmed Shehzad,1,2,-,0,0,50.00
5,2011/12,28th,Feb 26 2012,Mahmudullah, b Yasir Arafat,3,6,6,0,0,50.00
4,2011/12,29th,Feb 27 2012,Mohammad Ashraful, b Mohammad Sami,23,27,-,3,0,85.18
9,2011/12,24th,Feb 24 2012,Muktar Ali,c & b Abul Hasan,1,2,6,0,0,50.00
3,2011/12,30th,Feb 27 2012,Peter Trego,c Shakib Al Hasan b Abdur Razzak,23,13,-,3,1,176.92
2,2011/12,1st,Feb 28 2012,Abdul Razzaq,not out ,32,19,30,3,2,168.42
1,2011/12,2nd,Feb 28 2012,Shahid Afridi,not out ,27,11,20,0,3,245.45
8,2011/12,25th,Feb 25 2012,Farhad Hossain,not out ,1,1,1,0,0,100.00
7,2011/12,26th,Feb 25 2012,Dwayne Bravo,c Noor Hossain b Trego,0,1,2,0,0,0.00
6,2011/12,27th,Feb 26 2012,Abdur Razzak,c †Mushfiqur Rahim b Mohammad Sami,15,13,18,1,1,115.38
13,2011/12,20th,Feb 20 2012,Nasir Jamshed,c Gibbs b Shakib Al Hasan,9,7,-,0,1,128.57
12,2011/12,21st,Feb 22 2012,Brad Hogg,not out ,5,6,-,0,0,83.33
10,2011/12,23rd,Feb 24 2012,Kevon Cooper,not out ,4,7,13,0,0,57.14
11,2011/12,22nd,Feb 22 2012,Nazmul Hossain Milon,not out ,42,31,-,2,2,135.48
5,2011/12,28th,Feb 26 2012,Jahurul Islam,lbw b Ali,0,1,3,0,0,0.00
4,2011/12,29th,Feb 27 2012,Anamul Haque,lbw b Mohammad Sami,0,1,-,0,0,0.00
9,2011/12,24th,Feb 24 2012,Mohammad Sami, b Sohail Tanvir,9,6,8,2,0,150.00
3,2011/12,30th,Feb 27 2012,Tom Maynard,lbw b Smith,10,12,-,1,0,83.33
2,2011/12,1st,Feb 28 2012,Sabbir Rahman,lbw b Ali,0,1,1,0,0,0.00
1,2011/12,2nd,Feb 28 2012,Shivnarine Chanderpaul,c Awais Zia b Elias Sunny,25,22,33,4,0,113.63
8,2011/12,25th,Feb 25 2012,Imran Nazir,c Mominul Haque b Sohrawordi Shuvo,65,40,59,6,3,162.50
7,2011/12,26th,Feb 25 2012,Mahmudullah,c Maynard b Sohail Tanvir,30,26,62,3,0,115.38
6,2011/12,27th,Feb 26 2012,Shafiul Islam,not out ,4,5,13,0,0,80.00
13,2011/12,20th,Feb 20 2012,Tamim Iqbal, b Smith,5,6,-,1,0,83.33
12,2011/12,21st,Feb 22 2012,Imran Nazir,retired hurt ,31,16,-,2,0,193.75
10,2011/12,23rd,Feb 24 2012,Alexei Kervezee,c Ziaur Rahman b Sunzamul Islam,8,8,4,2,0,100.00
11,2011/12,22nd,Feb 22 2012,Dolar Mahmud,not out ,7,5,-,1,0,140.00
5,2011/12,28th,Feb 26 2012,Farhad Reza,run out (†Mustard),5,4,12,0,0,125.00
4,2011/12,29th,Feb 27 2012,Mehrab Hossain jnr,c Soumya Sarkar b Taijul Islam,10,18,-,0,0,55.55
9,2011/12,24th,Feb 24 2012,Monir Hossain,not out ,3,3,5,0,0,100.00
3,2011/12,30th,Feb 27 2012,Alok Kapali,c Nazmul Hossain Milon b Shahadat Hossain,5,9,-,1,0,55.55
2,2011/12,1st,Feb 28 2012,Mohammad Sami,not out ,6,1,1,0,1,600.00
1,2011/12,2nd,Feb 28 2012,Herschelle Gibbs,c Elias Sunny b Mashrafe Mortaza,2,2,3,0,0,100.00
8,2011/12,25th,Feb 25 2012,Mohammad Ashraful,c Hodge b Ali,0,3,4,0,0,0.00
7,2011/12,26th,Feb 25 2012,Ziaur Rahman,c Shuvagata Hom b Styris,40,28,35,3,3,142.85
6,2011/12,27th,Feb 26 2012,Shahzaib Hasan,st †Saghir Hossain b Shakib Al Hasan,28,12,12,5,1,233.33
13,2011/12,20th,Feb 20 2012,Jason Roy,run out (†O'Brien),30,24,-,2,2,125.00
12,2011/12,21st,Feb 22 2012,Mohammad Ashraful,st †Kamran Akmal b Noor Hossain,40,33,-,6,0,121.21
10,2011/12,23rd,Feb 24 2012,Mohammad Ashraful,c Bravo b Cooper,20,28,51,1,0,71.42
11,2011/12,22nd,Feb 22 2012,Ahmed Shehzad,c Russell b Shakib Al Hasan,10,8,-,1,1,125.00
5,2011/12,28th,Feb 26 2012,Kevon Cooper,c Nazmul Islam b Yasir Arafat,0,2,1,0,0,0.00
4,2011/12,29th,Feb 27 2012,Mashrafe Mortaza, b Samuels,7,3,-,0,1,233.33
9,2011/12,24th,Feb 24 2012,Saqlain Sajib,not out ,4,3,2,0,0,133.33
3,2011/12,30th,Feb 27 2012,Scott Styris,c Nazmul Hossain Milon b Shahadat Hossain,14,9,-,3,0,155.55
2,2011/12,1st,Feb 28 2012,Ahmed Shehzad,not out ,113,49,75,12,6,230.61
1,2011/12,2nd,Feb 28 2012,Mohammad Hafeez,run out (Mashrafe Mortaza/†Dhiman Ghosh),24,18,27,4,0,133.33
8,2011/12,25th,Feb 25 2012,Aftab Ahmed,c Farhad Hossain b Ali,1,6,6,0,0,16.66
7,2011/12,26th,Feb 25 2012,Farhad Reza,c †Kamran Akmal b Sohail Tanvir,5,6,6,0,0,83.33
6,2011/12,27th,Feb 26 2012,Junaid Siddique,not out ,29,32,53,1,0,90.62
13,2011/12,20th,Feb 20 2012,Jahurul Islam,c Nasir Hossain b Abdur Razzak,2,6,-,0,0,33.33
12,2011/12,21st,Feb 22 2012,Azhar Mahmood,st †Kamran Akmal b Nabil Samad,29,15,-,3,2,193.33
10,2011/12,23rd,Feb 24 2012,Azhar Mahmood,c Cooper b Arafat Sunny,12,8,9,1,1,150.00
11,2011/12,22nd,Feb 22 2012,Brad Hodge,c Smith b Abdur Razzak,11,17,-,2,0,64.70
5,2011/12,28th,Feb 26 2012,Arafat Sunny,not out ,2,4,8,0,0,50.00
4,2011/12,29th,Feb 27 2012,Naved-ul-Hasan,not out ,2,2,-,0,0,100.00
9,2011/12,24th,Feb 24 2012,Kamran Akmal,not out ,72,51,68,7,3,141.17
3,2011/12,30th,Feb 27 2012,Shuvagata Hom, b Nasir Hossain,18,14,-,1,1,128.57
2,2011/12,1st,Feb 28 2012,Brad Hodge, b Saqlain Sajib,33,23,35,3,2,143.47
1,2011/12,2nd,Feb 28 2012,Dwayne Smith,c Mohammad Ashraful b Elias Sunny,1,3,3,0,0,33.33
8,2011/12,25th,Feb 25 2012,Azhar Mahmood,c †Mustard b Ahmed Shehzad,42,30,53,7,0,140.00
7,2011/12,26th,Feb 25 2012,Kevon Cooper,not out ,2,4,10,0,0,50.00
6,2011/12,27th,Feb 26 2012,Marlon Samuels,c Adams b Nazmul Hossain Milon,50,38,34,7,2,131.57
13,2011/12,20th,Feb 20 2012,Mahmudullah,c Shakib Al Hasan b Marshall Ayub,12,15,-,1,0,80.00
12,2011/12,21st,Feb 22 2012,Darren Stevens,not out ,5,7,-,0,0,71.42
10,2011/12,23rd,Feb 24 2012,Darren Stevens,c Roy b Enamul Haque jnr,12,14,11,0,1,85.71
11,2011/12,22nd,Feb 22 2012,Phil Mustard,c Gibbs b Abdur Razzak,10,12,-,2,0,83.33
5,2011/12,28th,Feb 26 2012,Enamul Haque jnr,not out ,0,1,1,0,0,0.00
4,2011/12,29th,Feb 27 2012,Elias Sunny, b Mohammad Sami,0,1,-,0,0,0.00
9,2011/12,24th,Feb 24 2012,Peter Trego,c Mohammad Sami b Saqlain Sajib,24,23,28,3,0,104.34
3,2011/12,30th,Feb 27 2012,Naeem Islam,c Gibbs b Shafiul Islam,3,6,-,0,0,50.00
2,2011/12,1st,Feb 28 2012,Phil Mustard,c Samuels b Sabbir Rahman,33,20,34,6,0,165.00
1,2011/12,2nd,Feb 28 2012,Shakib Al Hasan,not out ,86,41,60,9,4,209.75
8,2011/12,25th,Feb 25 2012,Darren Stevens,c Mominul Haque b Sohrawordi Shuvo,3,6,6,0,0,50.00
7,2011/12,26th,Feb 25 2012,Arafat Sunny,not out ,4,8,8,0,0,50.00
6,2011/12,27th,Feb 26 2012,Sean Ervine,not out ,1,3,5,0,0,33.33
13,2011/12,20th,Feb 20 2012,Dwayne Bravo,c & b Abdur Razzak,1,6,-,0,0,16.66
12,2011/12,21st,Feb 22 2012,Kieron Pollard,not out ,22,6,-,0,3,366.66
10,2011/12,23rd,Feb 24 2012,Mehrab Hossain jnr,c Mahmudullah b Cooper,3,6,3,0,0,50.00
11,2011/12,22nd,Feb 22 2012,Mohammad Mithun,c sub b Russell,14,13,-,2,0,107.69
5,2011/12,28th,Feb 26 2012,Ahmed Shehzad,lbw b Enamul Haque jnr,43,30,44,3,2,143.33
4,2011/12,29th,Feb 27 2012,Shahzaib Hasan,lbw b Elias Sunny,15,17,-,1,1,88.23
9,2011/12,24th,Feb 24 2012,Tom Maynard,not out ,22,25,40,1,0,88.00
3,2011/12,30th,Feb 27 2012,Sohail Tanvir,not out ,26,24,-,1,1,108.33
2,2011/12,1st,Feb 28 2012,Nazmul Islam,not out ,5,4,4,1,0,125.00
1,2011/12,2nd,Feb 28 2012,Nasir Hossain,c Mohammad Ashraful b Shahid Afridi,35,28,37,2,1,125.00
8,2011/12,25th,Feb 25 2012,Kieron Pollard,not out ,35,17,19,1,4,205.88
13,2011/12,20th,Feb 20 2012,Ziaur Rahman, b Marshall Ayub,2,10,-,0,0,20.00
10,2011/12,23rd,Feb 24 2012,Kieron Pollard,c Bravo b Enamul Haque jnr,1,6,10,0,0,16.66
11,2011/12,22nd,Feb 22 2012,Mominul Haque,not out ,53,28,-,3,4,189.28
5,2011/12,28th,Feb 26 2012,Brad Hodge,lbw b Mahmudullah,67,36,59,8,3,186.11
4,2011/12,29th,Feb 27 2012,Junaid Siddique, b Mashrafe Mortaza,8,4,-,2,0,200.00
3,2011/12,30th,Feb 27 2012,Noor Hossain, b Shakib Al Hasan,0,2,-,0,0,0.00
1,2011/12,2nd,Feb 28 2012,Hammad Azam,c Azhar Mahmood b Saeed Ajmal,1,3,5,0,0,33.33
8,2011/12,25th,Feb 25 2012,Anamul Haque,not out ,11,8,17,0,1,137.50
13,2011/12,20th,Feb 20 2012,Arafat Sunny,not out ,12,18,-,1,0,66.66
10,2011/12,23rd,Feb 24 2012,Anamul Haque,c Arafat Sunny b Bravo,22,22,27,2,0,100.00
11,2011/12,22nd,Feb 22 2012,Rameez Raja,run out (Marshall Ayub),22,22,-,0,1,100.00
5,2011/12,28th,Feb 26 2012,Phil Mustard,c Cooper b Enamul Haque jnr,24,18,29,2,0,133.33
4,2011/12,29th,Feb 27 2012,Marlon Samuels, b Azhar Mahmood,0,4,-,0,0,0.00
3,2011/12,30th,Feb 27 2012,Abul Hasan, b Nasir Hossain,4,2,-,1,0,200.00
1,2011/12,2nd,Feb 28 2012,Nazmul Hossain Milon,c Mashrafe Mortaza b Elias Sunny,0,1,2,0,0,0.00
13,2011/12,20th,Feb 20 2012,Kevon Cooper,c Nasir Hossain b Marshall Ayub,2,2,-,0,0,100.00
10,2011/12,23rd,Feb 24 2012,Dhiman Ghosh,c Arafat Sunny b Cooper,11,12,23,1,0,91.66
11,2011/12,22nd,Feb 22 2012,Farhad Hossain, b Shakib Al Hasan,12,9,-,0,1,133.33
5,2011/12,28th,Feb 26 2012,Mohammad Mithun,c Mahmudullah b Arafat Sunny,0,1,2,0,0,0.00
4,2011/12,29th,Feb 27 2012,Sean Ervine, b Naved-ul-Hasan,27,27,-,3,0,100.00
3,2011/12,30th,Feb 27 2012,Nabil Samad,c Nazmul Hossain Milon b Shakib Al Hasan,4,3,-,1,0,133.33
1,2011/12,2nd,Feb 28 2012,Abdur Razzak,not out ,2,2,11,0,0,100.00
13,2011/12,20th,Feb 20 2012,Muthiah Muralidaran,c Nasir Hossain b Marshall Ayub,7,5,-,0,1,140.00
10,2011/12,23rd,Feb 24 2012,Naved-ul-Hasan,not out ,9,9,16,0,0,100.00
11,2011/12,22nd,Feb 22 2012,Kabir Ali,not out ,12,8,-,1,0,150.00
5,2011/12,28th,Feb 26 2012,Mominul Haque,c Bravo b Arafat Sunny,1,2,3,0,0,50.00
4,2011/12,29th,Feb 27 2012,Mushfiqur Rahim,not out ,40,37,-,3,0,108.10
13,2011/12,20th,Feb 20 2012,Enamul Haque jnr, b Smith,7,11,-,0,0,63.63
10,2011/12,23rd,Feb 24 2012,Mashrafe Mortaza, b Bravo,1,6,10,0,0,16.66
5,2011/12,28th,Feb 26 2012,Farhad Hossain,not out ,4,5,9,0,0,80.00
4,2011/12,29th,Feb 27 2012,Sabbir Rahman,lbw b Elias Sunny,9,10,-,0,1,90.00
10,2011/12,23rd,Feb 24 2012,Elias Sunny,not out ,1,2,1,0,0,50.00
5,2011/12,28th,Feb 26 2012,Yasir Arafat,not out ,0,0,1,0,0,-
4,2011/12,29th,Feb 27 2012,Rizwan Cheema,c Pollard b Mashrafe Mortaza,2,3,-,0,0,66.66
4,2011/12,29th,Feb 27 2012,Soumya Sarkar,lbw b Naved-ul-Hasan,11,13,-,1,0,84.61
4,2011/12,29th,Feb 27 2012,Mohammad Sami,not out ,3,3,-,0,0,100.00
